Workbook

Sheet Bank Transactions
A1: Veriton Bank — Incoming Payment Register (March 2025)
A2: Txn ID | B2: Date | C2: Customer Name | D2: Account No. | E2: Payment Type | F2: Amount (GBP) | G2: Reference No. | H2: Status
A3: TXN-1000 | B3: 21-Mar-2025 | C3: Raj Patel | D3: VRT126225 | E3: BACS | F3: 12622.15 | G3: REF-28289 | H3: Pending
A4: TXN-1001 | B4: 04-Mar-2025 | C4: Ben Williams | D4: VRT876646 | E4: Cheque | F4: 4803.47 | G4: REF-65302 | H4: Matched
A5: TXN-1002 | B5: 01-Mar-2025 | C5: Fatima Al-Hassan | D5: VRT329258 | E5: CHAPS | F5: 25515.09 | G5: REF-13478 | H5: Unmatched
A6: TXN-1003 | B6: 07-Mar-2025 | C6: Zara Ahmed | D6: VRT781453 | E6: Cheque | F6: 21266.23 | G6: REF-68878 | H6: Unmatched
A7: TXN-1004 | B7: 09-Mar-2025 | C7: Priya Sharma | D7: VRT895667 | E7: CHAPS | F7: 35057.9 | G7: REF-54597 | H7: Matched
A8: TXN-1005 | B8: 05-Mar-2025 | C8: Emma Clarke | D8: VRT900581 | E8: BACS | F8: 5559.41 | G8: REF-59797 | H8: Matched
A9: TXN-1006 | B9: 12-Mar-2025 | C9: Carlos Romero | D9: VRT733052 | E9: BACS | F9: 40452.85 | G9: REF-70217 | H9: Unmatched
A10: TXN-1007 | B10: 04-Mar-2025 | C10: Aisha Nwosu | D10: VRT182627 | E10: Cheque | F10: 15012.32 | G10: REF-92397 | H10: Unmatched
A11: TXN-1008 | B11: 28-Mar-2025 | C11: Carlos Romero | D11: VRT705397 | E11: CHAPS | F11: 35376.31 | G11: REF-16006 | H11: Pending
A12: TXN-1009 | B12: 08-Mar-2025 | C12: Nina Patel | D12: VRT403445 | E12: Online Transfer | F12: 42838.23 | G12: REF-23238 | H12: Matched
A13: TXN-1010 | B13: 09-Mar-2025 | C13: Layla Hassan | D13: VRT766563 | E13: BACS | F13: 8551.38 | G13: REF-56566 | H13: Matched
A14: TXN-1011 | B14: 22-Mar-2025 | C14: Ananya Singh | D14: VRT835911 | E14: Online Transfer | F14: 30651.98 | G14: REF-32431 | H14: Unmatched
... A52: TXN-1049 | B52: 09-Mar-2025 | C52: Aisha Nwosu | D52: VRT237235 | E52: BACS | F52: 23132.62 | G52: REF-19508 | H52: Matched

Sheet Expected Payments
A1: Veriton Bank — Expected Incoming Payments Ledger (March 2025)
A2: Expected ID | B2: Customer Name | C2: Account No. | D2: Expected Amount (GBP) | E2: Due Date | F2: Payment Type | G2: Received? | H2: Days Overdue
A3: EXP-200 | B3: Aisha Nwosu | C3: VRT782554 | D3: 2890.18 | E3: 05-Mar-2025 | F3: Cheque | G3: Yes | H3: 0
A4: EXP-201 | B4: Grace Wong | C4: VRT160816 | D4: 45530.35 | E4: 12-Mar-2025 | F4: CHAPS | G4: Yes | H4: 0
A5: EXP-202 | B5: Oliver Grant | C5: VRT538485 | D5: 3957.84 | E5: 03-Mar-2025 | F5: Online Transfer | G5: Yes | H5: 0
A6: EXP-203 | B6: Grace Wong | C6: VRT229815 | D6: 47398.76 | E6: 02-Mar-2025 | F6: Cheque | G6: No | H6: 14
A7: EXP-204 | B7: Grace Wong | C7: VRT515949 | D7: 2954.67 | E7: 19-Mar-2025 | F7: CHAPS | G7: Yes | H7: 0
A8: EXP-205 | B8: Sophie Turner | C8: VRT403677 | D8: 21247.38 | E8: 18-Mar-2025 | F8: Cheque | G8: Yes | H8: 0
A9: EXP-206 | B9: Robert Hughes | C9: VRT687472 | D9: 40898.25 | E9: 19-Mar-2025 | F9: CHAPS | G9: Yes | H9: 0
A10: EXP-207 | B10: Grace Wong | C10: VRT769949 | D10: 9799.62 | E10: 19-Mar-2025 | F10: Online Transfer | G10: Yes | H10: 0
A11: EXP-208 | B11: James O'Brien | C11: VRT749078 | D11: 10694.96 | E11: 19-Mar-2025 | F11: Cheque | G11: No | H11: 3
A12: EXP-209 | B12: Mei Lin | C12: VRT588218 | D12: 29485.31 | E12: 25-Mar-2025 | F12: Faster Payment | G12: Yes | H12: 0
A13: EXP-210 | B13: David Kim | C13: VRT932967 | D13: 9398.45 | E13: 10-Mar-2025 | F13: CHAPS | G13: Yes | H13: 0
A14: EXP-211 | B14: Robert Hughes | C14: VRT650708 | D14: 25008.26 | E14: 19-Mar-2025 | F14: BACS | G14: Yes | H14: 0
... A47: EXP-244 | B47: Raj Patel | C47: VRT337865 | D47: 23768.96 | E47: 08-Mar-2025 | F47: BACS | G47: Yes | H47: 0

Sheet Reconciliation Summary
A1: Veriton Bank — Daily Reconciliation Report (March 2025)
A3: Total Transactions | B3: Total Amount (GBP) | C3: Matched | D3: Unmatched | E3: Pending | F3: Reconciliation Rate
A4: =COUNTA('Bank Transactions'!A3:A52) -> 50 | B4: =SUM('Bank Transactions'!F3:F52) -> 1283471.1 | C4: =COUNTIF('Bank Transactions'!H3:H52,"Matched") -> 30 | D4: =COUNTIF('Bank Transactions'!H3:H52,"Unmatched") -> 13 | E4: =COUNTIF('Bank Transactions'!H3:H52,"Pending") -> 7 | F4: =IFERROR(C4/A4,0) -> 0.6
A6: Payment Type | B6: Txn Count | C6: Total Amount (GBP) | D6: Matched | E6: Unmatched | F6: Match Rate
A7: Online Transfer | B7: =COUNTIF('Bank Transactions'!E3:E52,A7) -> 12 | C7: =SUMIF('Bank Transactions'!E3:E52,A7,'Bank Transactions'!F3:F52) -> 365875.15 | D7: =COUNTIFS('Bank Transactions'!E3:E52,A7,'Bank Transactions'!H3:H52,"Matched") -> 8 | E7: =COUNTIFS('Bank Transactions'!E3:E52,A7,'Bank Transactions'!H3:H52,"Unmatched") -> 3 | F7: =IFERROR(D7/B7,0) -> 0.66666667
A8: CHAPS | B8: =COUNTIF('Bank Transactions'!E3:E52,A8) -> 9 | C8: =SUMIF('Bank Transactions'!E3:E52,A8,'Bank Transactions'!F3:F52) -> 262660.79 | D8: =COUNTIFS('Bank Transactions'!E3:E52,A8,'Bank Transactions'!H3:H52,"Matched") -> 2 | E8: =COUNTIFS('Bank Transactions'!E3:E52,A8,'Bank Transactions'!H3:H52,"Unmatched") -> 4 | F8: =IFERROR(D8/B8,0) -> 0.22222222
A9: BACS | B9: =COUNTIF('Bank Transactions'!E3:E52,A9) -> 11 | C9: =SUMIF('Bank Transactions'!E3:E52,A9,'Bank Transactions'!F3:F52) -> 292053.49 | D9: =COUNTIFS('Bank Transactions'!E3:E52,A9,'Bank Transactions'!H3:H52,"Matched") -> 7 | E9: =COUNTIFS('Bank Transactions'!E3:E52,A9,'Bank Transactions'!H3:H52,"Unmatched") -> 2 | F9: =IFERROR(D9/B9,0) -> 0.63636364
A10: Faster Payment | B10: =COUNTIF('Bank Transactions'!E3:E52,A10) -> 6 | C10: =SUMIF('Bank Transactions'!E3:E52,A10,'Bank Transactions'!F3:F52) -> 123719.66 | D10: =COUNTIFS('Bank Transactions'!E3:E52,A10,'Bank Transactions'!H3:H52,"Matched") -> 5 | E10: =COUNTIFS('Bank Transactions'!E3:E52,A10,'Bank Transactions'!H3:H52,"Unmatched") -> 0 | F10: =IFERROR(D10/B10,0) -> 0.83333333
A11: Cheque | B11: =COUNTIF('Bank Transactions'!E3:E52,A11) -> 12 | C11: =SUMIF('Bank Transactions'!E3:E52,A11,'Bank Transactions'!F3:F52) -> 239162.05 | D11: =COUNTIFS('Bank Transactions'!E3:E52,A11,'Bank Transactions'!H3:H52,"Matched") -> 8 | E11: =COUNTIFS('Bank Transactions'!E3:E52,A11,'Bank Transactions'!H3:H52,"Unmatched") -> 4 | F11: =IFERROR(D11/B11,0) -> 0.66666667
A12: TOTAL | B12: =SUM(B7:B11) -> 50 | C12: =SUM(C7:C11) -> 1283471.1 | D12: =SUM(D7:D11) -> 30 | E12: =SUM(E7:E11) -> 13 | F12: =IFERROR(D12/B12,0) -> 0.6
A14: EXCEPTION LOG — Unmatched & Pending Items Requiring Action
A15: Txn ID | B15: Customer Name | C15: Amount (GBP) | D15: Issue Type | E15: Assigned To | F15: Resolution Deadline
A16: TXN-1004 | B16: James O'Brien | C16: 12450 | D16: Amount Mismatch | E16: Ops Team A | F16: 14-Mar-2025
A17: TXN-1011 | B17: Fatima Al-Hassan | C17: 8900.5 | D17: Missing Reference | E17: Ops Team B | F17: 13-Mar-2025
A18: TXN-1019 | B18: David Kim | C18: 33000 | D18: Duplicate Entry | E18: Ops Team A | F18: 12-Mar-2025
A19: TXN-1027 | B19: Mei Lin | C19: 6750.25 | D19: Account Not Found | E19: Ops Team C | F19: 15-Mar-2025
A20: TXN-1035 | B20: Carlos Romero | C20: 21000 | D20: Pending Verification | E20: Ops Team B | F20: 16-Mar-2025
